{
    "1561879544": {
        "mixs": [
            {
                "cc": " 5067796100605119|12|2024|134",
                "date": "1-02-2022 17:10:30"
            },
            {
                "cc": " 5067756100605119|12|2024|134",
                "date": "3-02-2022 03:08:55"
            },
            {
                "cc": " 5067756100605117|12|2024|134",
                "date": "3-02-2022 03:09:07"
            }
        ],
        "ccs": [
            {
                "cc": {
                    "cc": "5067756100605118",
                    "mes": "12",
                    "ano": "2024",
                    "cvv": "134",
                    "nome": "Limite Mínimo a ser gerado é 1 pessoa",
                    "cpf": null,
                    "bandeira": "Mastercard",
                    "nivel": "elo",
                    "tipo": "",
                    "banco": "Nao desponivel",
                    "pais": "Brasil"
                },
                "date": "1-02-2022 17:44:25"
            },
            {
                "cc": {
                    "cc": "5067756100605118",
                    "mes": "12",
                    "ano": "2024",
                    "cvv": "134",
                    "nome": "Limite Mínimo a ser gerado é 1 pessoa",
                    "cpf": null,
                    "bandeira": "Mastercard",
                    "nivel": "elo",
                    "tipo": "",
                    "banco": "Nao desponivel",
                    "pais": "Brasil"
                },
                "date": "3-02-2022 01:56:28"
            },
            {
                "cc": {
                    "cc": "5337285725771950",
                    "mes": "12",
                    "ano": "2025",
                    "cvv": "453",
                    "nome": "Limite Mínimo a ser gerado é 1 pessoa",
                    "cpf": null,
                    "bandeira": "MASTERCARD",
                    "nivel": "standard",
                    "tipo": "CREDIT",
                    "banco": "Nao disponivel",
                    "pais": "Brasil"
                },
                "date": "11-02-2022 09:27:02"
            },
            {
                "cc": {
                    "cc": "4417817201060460",
                    "mes": "08",
                    "ano": "2027",
                    "cvv": "731",
                    "nome": "Rosângela Pietra Elisa Almada",
                    "cpf": "881.710.490-60",
                    "bandeira": "visa",
                    "nivel": "Business",
                    "tipo": "credit",
                    "banco": "BANCO BRADESCO, S.A.",
                    "pais": "BRASIL"
                },
                "date": "6-04-2022 09:04:45"
            },
            {
                "cc": {
                    "cc": "4417817467087058",
                    "mes": "11",
                    "ano": "2024",
                    "cvv": "965",
                    "nome": "Nathan Carlos Cavalcanti",
                    "cpf": "928.334.135-05",
                    "bandeira": "visa",
                    "nivel": "Business",
                    "tipo": "credit",
                    "banco": "BANCO BRADESCO, S.A.",
                    "pais": "brazil"
                },
                "date": "6-04-2022 10:54:12"
            },
            {
                "cc": {
                    "cc": "4417816824233751",
                    "mes": "08",
                    "ano": "2024",
                    "cvv": "711",
                    "nome": "Rodrigo Joaquim Isaac Pires",
                    "cpf": "681.872.695-02",
                    "bandeira": "visa",
                    "nivel": "Business",
                    "tipo": "credit",
                    "banco": "BANCO BRADESCO, S.A.",
                    "pais": "brazil"
                },
                "date": "6-04-2022 10:57:50"
            },
            {
                "cc": {
                    "cc": "4068710284322439",
                    "mes": "09",
                    "ano": "2027",
                    "cvv": "614",
                    "nome": null,
                    "cpf": null,
                    "bandeira": "standart",
                    "nivel": "elo",
                    "tipo": "",
                    "banco": "",
                    "pais": "gringa"
                },
                "date": "6-04-2022 11:18:37"
            },
            {
                "cc": {
                    "cc": "4068710284322439",
                    "mes": "09",
                    "ano": "2027",
                    "cvv": "614",
                    "nome": "Severino Benício Ramos",
                    "cpf": "670.221.149-00",
                    "bandeira": "visa",
                    "nivel": "Gold",
                    "tipo": "debit",
                    "banco": "COMMODORE PERRY F.C.U.",
                    "pais": "united states of america"
                },
                "date": "6-04-2022 11:20:12"
            },
            {
                "cc": {
                    "cc": "4417817201060460",
                    "mes": "08",
                    "ano": "2027",
                    "cvv": "731",
                    "nome": "Nelson Daniel Ryan Silva",
                    "cpf": "648.615.428-47",
                    "bandeira": "visa",
                    "nivel": "Business",
                    "tipo": "credit",
                    "banco": "BANCO BRADESCO, S.A.",
                    "pais": "brazil"
                },
                "date": "6-04-2022 11:22:11"
            },
            {
                "cc": {
                    "cc": "4417814218425505",
                    "mes": "01",
                    "ano": "2025",
                    "cvv": "717",
                    "nome": "Murilo Enrico Assis",
                    "cpf": "608.434.035-00",
                    "bandeira": "visa",
                    "nivel": "Business",
                    "tipo": "credit",
                    "banco": "BANCO BRADESCO, S.A.",
                    "pais": "brazil"
                },
                "date": "6-04-2022 11:42:09"
            },
            {
                "cc": {
                    "cc": "4417813144651861",
                    "mes": "05",
                    "ano": "2027",
                    "cvv": "949",
                    "nome": "Elisa Cristiane Gonçalves",
                    "cpf": "665.990.582-05",
                    "bandeira": "visa",
                    "nivel": "Business",
                    "tipo": "credit",
                    "banco": "BANCO BRADESCO, S.A.",
                    "pais": "brazil"
                },
                "date": "6-04-2022 11:57:54"
            }
        ]
    },
    "2134645677": {
        "ccs": [
            {
                "cc": {
                    "cc": "49291052817568704",
                    "mes": "12",
                    "ano": "2024",
                    "cvv": "638",
                    "nome": "Limite Mínimo a ser gerado é 1 pessoa",
                    "cpf": null,
                    "bandeira": "VISA",
                    "nivel": "platinum",
                    "tipo": "CREDIT",
                    "banco": "Nao desponivel",
                    "pais": "Brasil"
                },
                "date": "1-02-2022 19:47:03"
            }
        ]
    },
    "2085795268": {
        "mixs": [
            {
                "cc": " 5067756100675119|12|2024|134",
                "date": "3-02-2022 02:33:33"
            }
        ],
        "ccs": [
            {
                "cc": {
                    "cc": "5067452817568708",
                    "mes": "12",
                    "ano": "2024",
                    "cvv": "638",
                    "nome": "Limite Mínimo a ser gerado é 1 pessoa",
                    "cpf": null,
                    "bandeira": "ELO",
                    "nivel": "elo",
                    "tipo": "CREDIT",
                    "banco": "Nao disponivel",
                    "pais": "Brasil"
                },
                "date": "3-02-2022 02:39:08"
            }
        ]
    },
    "2134993866": {
        "ccs": [
            {
                "cc": {
                    "cc": "5248923017249685",
                    "mes": "04",
                    "ano": "2023",
                    "cvv": "667",
                    "nome": "Luzia Catarina Louise Almeida",
                    "cpf": "318.303.380-13",
                    "bandeira": "Mastercard",
                    "nivel": "standard",
                    "tipo": "{\"SCHEME\":\"MASTERCARD",
                    "banco": "100% BANCO, BANCO UNIVERSAL, C.A.",
                    "pais": "VE"
                },
                "date": "14-02-2022 12:24:56"
            }
        ]
    },
    "1920102707": {
        "ccs": [
            {
                "cc": {
                    "cc": "4068710284322439",
                    "mes": "09",
                    "ano": "2027",
                    "cvv": "614",
                    "nome": null,
                    "cpf": null,
                    "bandeira": "visa",
                    "nivel": "Gold",
                    "tipo": "debit",
                    "banco": "COMMODORE PERRY F.C.U.",
                    "pais": "united states of america"
                },
                "date": "6-04-2022 11:11:05"
            }
        ]
    }
}