{
    "2085795268": [
        {
            "valor": null,
            "datelimite": "13/12/2022",
            "date": "12/12/2022",
            "c": "teste"
        },
        {
            "valor": null,
            "datelimite": 1644470233,
            "date": 1643865433,
            "codigo": null
        },
        {
            "valor": null,
            "datelimite": 1644470268,
            "date": 1643865468,
            "codigo": null
        },
        {
            "valor": null,
            "datelimite": 1644470345,
            "date": 1643865545,
            "codigo": null
        },
        {
            "valor": null,
            "datelimite": 1644470894,
            "date": 1643866094,
            "codigo": null
        }
    ],
    "1561879544": [
        {
            "valor": "20",
            "datelimite": 1646287328,
            "date": 1646287329
        },
        {
            "valor": "10",
            "datelimite": 1646287363,
            "date": 1646287364
        }
    ],
    "2134993866": [
        {
            "valor": 10,
            "datelimite": 1645457069,
            "date": 1644852269,
            "codigo": "YSHW7S7QP7"
        }
    ],
    "1947830106": [
        {
            "valor": 10,
            "datelimite": 1649801676,
            "date": 1649196876,
            "codigo": "1UROV78G6H"
        }
    ]
}