{
    "1561879544": {
        "nome": "@ZOOM 171 DB's | TELAS FAKES |",
        "saldo": 1006,
        "cadastro": 1644421660,
        "last_msg": 1644421660,
        "username": "Zoom171",
        "adm": "true",
        "dataLimite": 0,
        "country": "gringa",
        "idPix": "21437048417"
    },
    "2085795268": {
        "nome": "@FLASH 171 </TELAS FAKES> #HSPRIV8",
        "saldo": 0,
        "cadastro": 1644422137,
        "last_msg": 1644422137,
        "username": "Flash_do7",
        "adm": "false",
        "dataLimite": 0,
        "country": "gringa"
    },
    "5247584720": {
        "nome": "deivi camus",
        "saldo": 0,
        "cadastro": 1644432930,
        "last_msg": 1644432930,
        "username": "undefined",
        "adm": "false"
    },
    "2085795298": {
        "nome": "@FLAS 171 </TELAS FAKES> #HSPRIV8",
        "saldo": 0,
        "cadastro": 1644422137,
        "last_msg": 1644422137,
        "username": "Flash_do7",
        "adm": "false",
        "dataLimite": 0
    },
    "5109102750": {
        "nome": "$Reidasdbs$ Login De Apps Vendo Lives Netlifx",
        "saldo": 0,
        "cadastro": 1644483698,
        "last_msg": 1644483698,
        "username": "undefined",
        "adm": "false"
    },
    "2139729375": {
        "nome": "SAITAMAOFC1 ",
        "saldo": 0,
        "cadastro": 1644505840,
        "last_msg": 1644505840,
        "username": "saitamaofc1",
        "adm": false,
        "dataLimite": 0,
        "country": "brasil"
    },
    "2134993866": {
        "nome": "FELPS o ATENDADOR ",
        "saldo": 8,
        "cadastro": 1644536774,
        "last_msg": 1644536774,
        "username": "FELPS_DIMAS",
        "adm": false,
        "dataLimite": 1645457069,
        "country": "gringa"
    },
    "1920102707": {
        "nome": "PRICE CODER ¹⁷¹",
        "saldo": 10,
        "cadastro": 1644763879,
        "last_msg": 1644763879,
        "username": "price171",
        "adm": "false",
        "dataLimite": 0,
        "id Pix": "",
        "country": "gringa",
        "idPix": "21435121836"
    },
    "5067321650": {
        "nome": "Ana ",
        "saldo": 0,
        "cadastro": 1644801331,
        "last_msg": 1644801331,
        "username": "undefined",
        "adm": "false",
        "dataLimite": 0
    },
    "1737449780": {
        "nome": "Alvin Silva",
        "saldo": 0,
        "cadastro": 1644887641,
        "last_msg": 1644887641,
        "username": "VULGOALVIN",
        "adm": "false"
    },
    "1380511879": {
        "nome": "Gabriel Dk ",
        "saldo": 0,
        "cadastro": 1644931166,
        "last_msg": 1644931166,
        "username": "GabrielDKk",
        "adm": "false"
    },
    "2074460452": {
        "nome": "Ted ",
        "saldo": 0,
        "cadastro": 1645063386,
        "last_msg": 1645063386,
        "username": "Tedzeira",
        "adm": "false"
    },
    "2069631141": {
        "nome": "𝕊𝔼ℕℍ𝕆ℝ 𝕏𝕀𝕀𝕀 [ˡᵒᵍᶦⁿ'ˢ] [ᵛᵃˡᵉ'ˢ] [ᶜᵏᵉᶜᵏᵉʳ'ˢ]",
        "saldo": 0,
        "cadastro": 1645117422,
        "last_msg": 1645117422,
        "username": "Senhor13",
        "adm": "false",
        "dataLimite": 0,
        "country": "brasil"
    },
    "5178280463": {
        "nome": "anonymo ",
        "saldo": 0,
        "cadastro": 1645142927,
        "last_msg": 1645142927,
        "username": "undefined",
        "adm": "false",
        "dataLimite": 0,
        "country": "gringa"
    },
    "1874322794": {
        "nome": "Kakaro ",
        "saldo": 0,
        "cadastro": 1645143399,
        "last_msg": 1645143399,
        "username": "Kakaro171",
        "adm": "false"
    },
    "1267381654": {
        "nome": "@DyduOFC ",
        "saldo": 0,
        "cadastro": 1645267848,
        "last_msg": 1645267848,
        "username": "DyduOFC",
        "adm": "false",
        "dataLimite": 0
    },
    "1985661817": {
        "nome": "Galinzé Trampos ",
        "saldo": 0,
        "cadastro": 1645273111,
        "last_msg": 1645273111,
        "username": "GalinzeTrampos171",
        "adm": "false"
    },
    "5220221438": {
        "nome": "O HOMEM DAS TREVAS",
        "saldo": 0,
        "cadastro": 1645408957,
        "last_msg": 1645408957,
        "username": "Nastrevasccs",
        "adm": "false",
        "dataLimite": 0,
        "country": "brasil"
    },
    "1621220128": {
        "nome": "FUTURE MÍDIA ATENDENTE; [ / ] L E E <?",
        "saldo": 0,
        "cadastro": 1645412103,
        "last_msg": 1645412103,
        "username": "FutureMidia",
        "adm": "false",
        "dataLimite": 0,
        "country": "brasil"
    },
    "5101074411": {
        "nome": "Guri Das Scania",
        "saldo": 0,
        "cadastro": 1646106994,
        "last_msg": 1646106994,
        "username": "undefined",
        "adm": "false",
        "dataLimite": 0,
        "country": "brasil"
    },
    "703949882": {
        "nome": "Kevin ",
        "saldo": 0,
        "cadastro": 1646161677,
        "last_msg": 1646161677,
        "username": "wisleykevin",
        "adm": "false"
    },
    "1806736209": {
        "nome": "James Brown ",
        "saldo": 0,
        "cadastro": 1646217597,
        "last_msg": 1646217597,
        "username": "JamesBrau",
        "adm": "false",
        "dataLimite": 0
    },
    "2049345382": {
        "nome": "Plx 071",
        "saldo": 0,
        "cadastro": 1646593604,
        "last_msg": 1646593604,
        "username": "Ploff71",
        "adm": "false",
        "dataLimite": 0,
        "country": "brasil"
    },
    "2006704174": {
        "nome": "LACOSTE⁷⁷⁷ 🆔2006704174 ",
        "saldo": 0,
        "cadastro": 1646785536,
        "last_msg": 1646785536,
        "username": "LACOSTE777sx",
        "adm": "false",
        "dataLimite": 0,
        "country": "brasil"
    },
    "1932543422": {
        "nome": "Bruno 208 ",
        "saldo": 0,
        "cadastro": 1649193669,
        "last_msg": 1649193669,
        "username": "bx222sc",
        "adm": "false"
    },
    "964147172": {
        "nome": "Julia Larim",
        "saldo": 0,
        "cadastro": 1649193742,
        "last_msg": 1649193742,
        "username": "undefined",
        "adm": "false"
    },
    "1919552378": {
        "nome": "༒𝖙𝖔𝖇𝖇𝖞𝖈𝖔𝖓𝖘𝖚𝖑&𝖕𝖛𝖈7༒{sıηтσηıα cσяıηgα} ID:1919552378",
        "saldo": 0,
        "cadastro": 1649193749,
        "last_msg": 1649193749,
        "username": "TOBBY71",
        "adm": "false"
    },
    "1003038131": {
        "nome": "Barrao 77",
        "saldo": 0,
        "cadastro": 1649193905,
        "last_msg": 1649193905,
        "username": "undefined",
        "adm": "false"
    },
    "1781511349": {
        "nome": "Yanitza Ruiz",
        "saldo": 0,
        "cadastro": 1649194077,
        "last_msg": 1649194077,
        "username": "undefined",
        "adm": "false"
    },
    "971273795": {
        "nome": "♚𝕸𝖎𝖈𝖍4𝖊𝖑_𝕾𝖈𝖔𝖋𝖎𝖊𝖑𝖉♚ {sıηтσηıα cσяıηgα} ",
        "saldo": 0,
        "cadastro": 1649194132,
        "last_msg": 1649194132,
        "username": "Mich4el_Scofield",
        "adm": "false"
    },
    "2061799208": {
        "nome": "꧁۞ⓉⒺⓇⓇⓄⓇⒾⓈⓉⒶ ⒹⓄ 7 ☜. sıηтσηıα cσяıηgα",
        "saldo": 0,
        "cadastro": 1649194406,
        "last_msg": 1649194406,
        "username": "terrordosesquemas",
        "adm": "false",
        "dataLimite": 0
    },
    "832797263": {
        "nome": "Bittencourt Ribeiro",
        "saldo": 0,
        "cadastro": 1649194653,
        "last_msg": 1649194653,
        "username": "SenhorBittencourt",
        "adm": "false"
    },
    "720748587": {
        "nome": "jefao ",
        "saldo": 0,
        "cadastro": 1649194873,
        "last_msg": 1649194873,
        "username": "undefined",
        "adm": "false"
    },
    "1003422446": {
        "nome": "FLACK_LARAS ",
        "saldo": 0,
        "cadastro": 1649195154,
        "last_msg": 1649195154,
        "username": "flack_ffx",
        "adm": "false",
        "dataLimite": 0,
        "country": "brasil"
    },
    "1468766857": {
        "nome": "Mc kadu ",
        "saldo": 0,
        "cadastro": 1649195601,
        "last_msg": 1649195601,
        "username": "mckadu",
        "adm": "false"
    },
    "1583693971": {
        "nome": "T G",
        "saldo": 0,
        "cadastro": 1649195623,
        "last_msg": 1649195623,
        "username": "Thigregory",
        "adm": "false"
    },
    "1947830106": {
        "nome": "👺 KILLER {𝐒𝖎𝖓𝖙𝖔𝖓𝖎𝖆 𝐋𝖆𝖈𝖔𝖘𝖙𝖊}",
        "saldo": 10,
        "cadastro": 1649195796,
        "last_msg": 1649195796,
        "username": "KILLEROFCBR",
        "adm": "false",
        "dataLimite": 1649801676,
        "country": "brasil"
    },
    "902143317": {
        "nome": "GORDAO LGN",
        "saldo": 0,
        "cadastro": 1649195942,
        "last_msg": 1649195942,
        "username": "undefined",
        "adm": "false",
        "dataLimite": 0,
        "country": "brasil"
    },
    "1272165771": {
        "nome": "𝓕𝓸𝓻𝓷𝓮𝓬𝓮𝓭𝓸𝓻 Cᴏʀɪɴɢᴀ Cᴏɴsᴜʟᴛᴀᴠᴇɪs {sıηтσηıα cσяıηgα} 🆔: 1272165771",
        "saldo": 0,
        "cadastro": 1649196208,
        "last_msg": 1649196208,
        "username": "CoringaconsuLtaveis",
        "adm": "false"
    },
    "878659166": {
        "nome": "Silv Silverkinzinho",
        "saldo": 0,
        "cadastro": 1649196533,
        "last_msg": 1649196533,
        "username": "Silverkinzin",
        "adm": "false"
    },
    "836995901": {
        "nome": "King Teruko",
        "saldo": 0,
        "cadastro": 1649196580,
        "last_msg": 1649196580,
        "username": "undefined",
        "adm": "false"
    },
    "2106804549": {
        "nome": "max ",
        "saldo": 0,
        "cadastro": 1649196618,
        "last_msg": 1649196618,
        "username": "undefined",
        "adm": "false"
    },
    "825686087": {
        "nome": "PatraumZx 🇹🇷 ",
        "saldo": 0,
        "cadastro": 1649196801,
        "last_msg": 1649196801,
        "username": "PatraumZx",
        "adm": "false"
    },
    "777000": {
        "nome": "Telegram ",
        "saldo": 0,
        "cadastro": 1649197163,
        "last_msg": 1649197163,
        "username": "undefined",
        "adm": "false"
    },
    "1941992453": {
        "nome": "Cleber ",
        "saldo": 0,
        "cadastro": 1649197174,
        "last_msg": 1649197174,
        "username": "cleiton171",
        "adm": "false"
    },
    "1977984662": {
        "nome": "Dsk ",
        "saldo": 0,
        "cadastro": 1649197260,
        "last_msg": 1649197260,
        "username": "Dssk777",
        "adm": "false",
        "dataLimite": 0,
        "country": "brasil"
    },
    "1475308976": {
        "nome": "̶i̶S̶c̶O̶r̶P̶i̶O̶n̶ 🦂",
        "saldo": 0,
        "cadastro": 1649197278,
        "last_msg": 1649197278,
        "username": "IscorpionWiinS",
        "adm": "false"
    },
    "1939647158": {
        "nome": "Romario Silva",
        "saldo": 0,
        "cadastro": 1649197301,
        "last_msg": 1649197301,
        "username": "undefined",
        "adm": "false"
    },
    "950334252": {
        "nome": "Marcus Vieira",
        "saldo": 0,
        "cadastro": 1649197492,
        "last_msg": 1649197492,
        "username": "Maarcus_vieira",
        "adm": "false"
    },
    "1234957570": {
        "nome": "Dg ",
        "saldo": 0,
        "cadastro": 1649197973,
        "last_msg": 1649197973,
        "username": "undefined",
        "adm": "false"
    },
    "2073501220": {
        "nome": "Wesley Silva",
        "saldo": 0,
        "cadastro": 1649198352,
        "last_msg": 1649198352,
        "username": "Jhookse12",
        "adm": "false"
    },
    "1209766279": {
        "nome": "$oares ",
        "saldo": 0,
        "cadastro": 1649198573,
        "last_msg": 1649198573,
        "username": "undefined",
        "adm": "false"
    },
    "1177815273": {
        "nome": "Levy Merchan[777] ✞ ",
        "saldo": 0,
        "cadastro": 1649198826,
        "last_msg": 1649198826,
        "username": "Nightwing171",
        "adm": "false"
    },
    "1946243128": {
        "nome": "Masha ",
        "saldo": 0,
        "cadastro": 1649199035,
        "last_msg": 1649199035,
        "username": "undefined",
        "adm": "false"
    },
    "754654468": {
        "nome": "MV ",
        "saldo": 0,
        "cadastro": 1649199263,
        "last_msg": 1649199263,
        "username": "Mvdosete",
        "adm": "false"
    },
    "1824397096": {
        "nome": "jose Nilson",
        "saldo": 0,
        "cadastro": 1649199353,
        "last_msg": 1649199353,
        "username": "Saopaulo12",
        "adm": "false"
    },
    "706122087": {
        "nome": "kyanSV 7",
        "saldo": 0,
        "cadastro": 1649199368,
        "last_msg": 1649199368,
        "username": "KyanSV7",
        "adm": "false"
    },
    "974550182": {
        "nome": "Caligari ",
        "saldo": 0,
        "cadastro": 1649199675,
        "last_msg": 1649199675,
        "username": "undefined",
        "adm": "false",
        "dataLimite": 0
    },
    "2112553879": {
        "nome": "##bart## ",
        "saldo": 0,
        "cadastro": 1649199837,
        "last_msg": 1649199837,
        "username": "Elbart7",
        "adm": "false"
    },
    "894104964": {
        "nome": "Magrelo$ ",
        "saldo": 0,
        "cadastro": 1649199877,
        "last_msg": 1649199877,
        "username": "Gigante_171",
        "adm": "false"
    },
    "1870333555": {
        "nome": "Adriel ",
        "saldo": 0,
        "cadastro": 1649199919,
        "last_msg": 1649199919,
        "username": "adrielB9",
        "adm": "false"
    },
    "891327089": {
        "nome": "Igor Pereira",
        "saldo": 0,
        "cadastro": 1649199981,
        "last_msg": 1649199981,
        "username": "undefined",
        "adm": "false"
    },
    "839857419": {
        "nome": "Marques ",
        "saldo": 0,
        "cadastro": 1649199981,
        "last_msg": 1649199981,
        "username": "Poqrtv",
        "adm": "false"
    },
    "2015308007": {
        "nome": "Silva 🇹🇷",
        "saldo": 0,
        "cadastro": 1649200106,
        "last_msg": 1649200106,
        "username": "undefined",
        "adm": "false"
    },
    "859614578": {
        "nome": "perninhaa ",
        "saldo": 0,
        "cadastro": 1649200128,
        "last_msg": 1649200128,
        "username": "ms6002",
        "adm": "false"
    },
    "955821094": {
        "nome": "Julia ",
        "saldo": 0,
        "cadastro": 1649200238,
        "last_msg": 1649200238,
        "username": "Jully15",
        "adm": "false"
    },
    "1767836651": {
        "nome": "yan amaral",
        "saldo": 0,
        "cadastro": 1649200741,
        "last_msg": 1649200741,
        "username": "sidetrackman",
        "adm": "false"
    },
    "1958272867": {
        "nome": "ROBÔ CONSULTORIA",
        "saldo": 0,
        "cadastro": 1649200816,
        "last_msg": 1649200816,
        "username": "CONSULTORIABET",
        "adm": "false"
    },
    "1989779423": {
        "nome": "Lcst esquemas ",
        "saldo": 0,
        "cadastro": 1649200929,
        "last_msg": 1649200929,
        "username": "guipoloplay",
        "adm": "false"
    },
    "1631854969": {
        "nome": "Edson Pereira",
        "saldo": 0,
        "cadastro": 1649200931,
        "last_msg": 1649200931,
        "username": "fluebeats",
        "adm": "false"
    },
    "2078716408": {
        "nome": "GANGSTER 171",
        "saldo": 0,
        "cadastro": 1649201138,
        "last_msg": 1649201138,
        "username": "eogangster71",
        "adm": "false"
    },
    "1519249528": {
        "nome": "CIGARRÃO 🤐",
        "saldo": 0,
        "cadastro": 1649201210,
        "last_msg": 1649201210,
        "username": "cigarrao",
        "adm": "false"
    },
    "931452113": {
        "nome": "ALCATRAZ ID: 5226419409",
        "saldo": 0,
        "cadastro": 1649201257,
        "last_msg": 1649201257,
        "username": "ALCATRAZ171",
        "adm": "false"
    },
    "1944451579": {
        "nome": "Cr7 ",
        "saldo": 0,
        "cadastro": 1649201264,
        "last_msg": 1649201264,
        "username": "lipi3357",
        "adm": "false"
    },
    "1883496385": {
        "nome": "🤯 ",
        "saldo": 0,
        "cadastro": 1649201379,
        "last_msg": 1649201379,
        "username": "Quemviumentiu",
        "adm": "false"
    },
    "1833710719": {
        "nome": "Kapela7 ",
        "saldo": 0,
        "cadastro": 1649201404,
        "last_msg": 1649201404,
        "username": "BstVendas7",
        "adm": "false"
    },
    "1869910092": {
        "nome": "Pitt ♦️ ",
        "saldo": 0,
        "cadastro": 1649201411,
        "last_msg": 1649201411,
        "username": "pitt044",
        "adm": "false"
    },
    "864165096": {
        "nome": "Max ",
        "saldo": 0,
        "cadastro": 1649201460,
        "last_msg": 1649201460,
        "username": "Maxx1533",
        "adm": "false"
    },
    "1950560584": {
        "nome": "Seguidores BR",
        "saldo": 0,
        "cadastro": 1649201588,
        "last_msg": 1649201588,
        "username": "seguidoresBRr",
        "adm": "false"
    },
    "1534352388": {
        "nome": "CCS NO @SURTADA_BOT ",
        "saldo": 0,
        "cadastro": 1649201657,
        "last_msg": 1649201657,
        "username": "SURTADA_DEUSA",
        "adm": "false",
        "dataLimite": 0
    },
    "2118718748": {
        "nome": "Simpson ",
        "saldo": 0,
        "cadastro": 1649202136,
        "last_msg": 1649202136,
        "username": "Simpsonnino",
        "adm": "false"
    },
    "2110833791": {
        "nome": "Roddy SHIT7",
        "saldo": 0,
        "cadastro": 1649202361,
        "last_msg": 1649202361,
        "username": "riancostado77",
        "adm": "false"
    },
    "1656504213": {
        "nome": "𝑫𝑨𝟕𝟕𝑨𝑺 ",
        "saldo": 0,
        "cadastro": 1649202562,
        "last_msg": 1649202562,
        "username": "daa77as",
        "adm": "false"
    },
    "946456697": {
        "nome": "FRA ZS",
        "saldo": 0,
        "cadastro": 1649202739,
        "last_msg": 1649202739,
        "username": "Frajolajacob",
        "adm": "false"
    },
    "751726091": {
        "nome": "Unsupported characters ",
        "saldo": 0,
        "cadastro": 1649203334,
        "last_msg": 1649203334,
        "username": "undefined",
        "adm": "false"
    },
    "1280080267": {
        "nome": "Rk ",
        "saldo": 0,
        "cadastro": 1649203886,
        "last_msg": 1649203886,
        "username": "Eoorick",
        "adm": "false"
    },
    "1207059373": {
        "nome": "Gilberto Michel Silva",
        "saldo": 0,
        "cadastro": 1649204005,
        "last_msg": 1649204005,
        "username": "GibertoMichel",
        "adm": "false"
    },
    "1711427555": {
        "nome": "Mendes ",
        "saldo": 0,
        "cadastro": 1649204081,
        "last_msg": 1649204081,
        "username": "Eamendes1",
        "adm": "false"
    },
    "840180336": {
        "nome": "Bihls ",
        "saldo": 0,
        "cadastro": 1649204103,
        "last_msg": 1649204103,
        "username": "bihls",
        "adm": "false"
    },
    "980613590": {
        "nome": "Cassio ",
        "saldo": 0,
        "cadastro": 1649204360,
        "last_msg": 1649204360,
        "username": "undefined",
        "adm": "false"
    },
    "1226813237": {
        "nome": "Alves ",
        "saldo": 0,
        "cadastro": 1649204492,
        "last_msg": 1649204492,
        "username": "undefined",
        "adm": "false"
    },
    "822244795": {
        "nome": "Hipopo tamo",
        "saldo": 0,
        "cadastro": 1649208038,
        "last_msg": 1649208038,
        "username": "professordoduble",
        "adm": "false"
    },
    "1389493133": {
        "nome": "Grow ",
        "saldo": 0,
        "cadastro": 1649208040,
        "last_msg": 1649208040,
        "username": "MartinsLK7",
        "adm": "false"
    },
    "2006545580": {
        "nome": "Eu msm ",
        "saldo": 0,
        "cadastro": 1649208040,
        "last_msg": 1649208040,
        "username": "Gatooquq",
        "adm": "false"
    },
    "1884045471": {
        "nome": "Ciber ",
        "saldo": 0,
        "cadastro": 1649208042,
        "last_msg": 1649208042,
        "username": "Invasorr",
        "adm": "false"
    },
    "2075833817": {
        "nome": "Chaverin 🔑𝐒𝖎𝖓𝖙𝖔𝖓𝖎𝖆 𝐋𝖆𝖈𝖔𝖘𝖙𝖊 †🔑",
        "saldo": 0,
        "cadastro": 1649208043,
        "last_msg": 1649208043,
        "username": "Chaverin33",
        "adm": "false"
    },
    "858275651": {
        "nome": "Oruambb ",
        "saldo": 0,
        "cadastro": 1649208043,
        "last_msg": 1649208043,
        "username": "OruamNavoz",
        "adm": "false"
    },
    "1037878317": {
        "nome": "Isailson ",
        "saldo": 0,
        "cadastro": 1649208044,
        "last_msg": 1649208044,
        "username": "undefined",
        "adm": "false"
    },
    "821461930": {
        "nome": "akuma ",
        "saldo": 0,
        "cadastro": 1649208046,
        "last_msg": 1649208046,
        "username": "undefined",
        "adm": "false"
    },
    "968530103": {
        "nome": "Gangster 14",
        "saldo": 0,
        "cadastro": 1649208047,
        "last_msg": 1649208047,
        "username": "pepeta17",
        "adm": "false"
    },
    "2005359110": {
        "nome": "Diet ",
        "saldo": 0,
        "cadastro": 1649208048,
        "last_msg": 1649208048,
        "username": "Dietgordao",
        "adm": "false"
    },
    "1775117001": {
        "nome": "CT ",
        "saldo": 0,
        "cadastro": 1649208048,
        "last_msg": 1649208048,
        "username": "CriaCT",
        "adm": "false",
        "country": "brasil"
    },
    "883098071": {
        "nome": "Dh Rd",
        "saldo": 0,
        "cadastro": 1649208051,
        "last_msg": 1649208051,
        "username": "Dhtlsss",
        "adm": "false"
    },
    "977616691": {
        "nome": "Márcio Pinheiro Da Silva",
        "saldo": 0,
        "cadastro": 1649208052,
        "last_msg": 1649208052,
        "username": "undefined",
        "adm": "false"
    },
    "972813623": {
        "nome": "Paulo Santos",
        "saldo": 0,
        "cadastro": 1649208052,
        "last_msg": 1649208052,
        "username": "Leosoresss",
        "adm": "false"
    },
    "1711832241": {
        "nome": "Mariana ",
        "saldo": 0,
        "cadastro": 1649208058,
        "last_msg": 1649208058,
        "username": "Perez_4567",
        "adm": "false"
    },
    "2127038616": {
        "nome": "Sk h ",
        "saldo": 0,
        "cadastro": 1649208058,
        "last_msg": 1649208058,
        "username": "Silva_dn",
        "adm": "false"
    },
    "2069698657": {
        "nome": "Salvador 171",
        "saldo": 0,
        "cadastro": 1649208100,
        "last_msg": 1649208100,
        "username": "Salvad0r171",
        "adm": "false"
    },
    "1779734081": {
        "nome": "Fapper .",
        "saldo": 0,
        "cadastro": 1649208227,
        "last_msg": 1649208227,
        "username": "Yslaid",
        "adm": "false"
    },
    "1034940469": {
        "nome": "46 🔥 ",
        "saldo": 0,
        "cadastro": 1649208318,
        "last_msg": 1649208318,
        "username": "piloto_46",
        "adm": "false"
    },
    "807475203": {
        "nome": "BRN [𝙇𝙂𝙉𝙋𝙍𝙄𝙑] TDS ",
        "saldo": 0,
        "cadastro": 1649218170,
        "last_msg": 1649218170,
        "username": "bznpzl",
        "adm": "false"
    },
    "843089787": {
        "nome": "𝕹𝖊𝖌𝖚𝖎𝖎𝖓 𝕮𝖔𝖓𝖘𝖚𝖑𝖙𝖆𝖛𝖊𝖎𝖘/𝐒𝖎𝖓𝖙𝖔𝖓𝖎𝖆 𝐋𝖆𝖈𝖔𝖘𝖙𝖊 ",
        "saldo": 0,
        "cadastro": 1649218285,
        "last_msg": 1649218285,
        "username": "NEGUIIN_ORIGINAL",
        "adm": "false"
    },
    "1818063446": {
        "nome": "ANONIMO BAHIANO ",
        "saldo": 0,
        "cadastro": 1649244060,
        "last_msg": 1649244060,
        "username": "Anonimo_bahiano",
        "adm": "false"
    },
    "871233197": {
        "nome": "Bob Guerreiro",
        "saldo": 0,
        "cadastro": 1649244905,
        "last_msg": 1649244905,
        "username": "BobGuerreiro",
        "adm": "false"
    },
    "1776041264": {
        "nome": "Sr ",
        "saldo": 0,
        "cadastro": 1649244906,
        "last_msg": 1649244906,
        "username": "undefined",
        "adm": "false"
    },
    "1579580461": {
        "nome": "Mayara Pack's",
        "saldo": 0,
        "cadastro": 1649244925,
        "last_msg": 1649244925,
        "username": "PacksdaMayara",
        "adm": "false"
    },
    "1898988697": {
        "nome": "Manoel Neto",
        "saldo": 0,
        "cadastro": 1649245050,
        "last_msg": 1649245050,
        "username": "undefined",
        "adm": "false"
    },
    "824002986": {
        "nome": "Vitor ",
        "saldo": 0,
        "cadastro": 1649245298,
        "last_msg": 1649245298,
        "username": "Bilion7",
        "adm": "false"
    },
    "843378605": {
        "nome": "Cris ",
        "saldo": 0,
        "cadastro": 1649245415,
        "last_msg": 1649245415,
        "username": "undefined",
        "adm": "false",
        "dataLimite": 0,
        "country": "brasil"
    },
    "858737426": {
        "nome": "vasco_moreno ",
        "saldo": 0,
        "cadastro": 1649246035,
        "last_msg": 1649246035,
        "username": "Vascosantos10",
        "adm": "false"
    },
    "990258491": {
        "nome": "SILVA69 RAUL",
        "saldo": 0,
        "cadastro": 1649246308,
        "last_msg": 1649246308,
        "username": "undefined",
        "adm": "false"
    },
    "1407353650": {
        "nome": "Jogos Investimentos",
        "saldo": 0,
        "cadastro": 1649246653,
        "last_msg": 1649246653,
        "username": "bryan_veras",
        "adm": "false"
    },
    "2109360066": {
        "nome": "ADRIAN ",
        "saldo": 0,
        "cadastro": 1649246757,
        "last_msg": 1649246757,
        "username": "tradrian092",
        "adm": "false"
    },
    "1492371561": {
        "nome": "BAGGY ID5042941604 ",
        "saldo": 0,
        "cadastro": 1649247213,
        "last_msg": 1649247213,
        "username": "baggy_011",
        "adm": "false"
    },
    "956305557": {
        "nome": "Enrico ",
        "saldo": 0,
        "cadastro": 1649247235,
        "last_msg": 1649247235,
        "username": "undefined",
        "adm": "false"
    },
    "2104717587": {
        "nome": "Paulo Ryan",
        "saldo": 0,
        "cadastro": 1649247331,
        "last_msg": 1649247331,
        "username": "undefined",
        "adm": "false"
    },
    "711694689": {
        "nome": "AGINDO NA INTELIGENCIA",
        "saldo": 0,
        "cadastro": 1649247386,
        "last_msg": 1649247386,
        "username": "ATENDIMENTORICK",
        "adm": "false"
    },
    "715985383": {
        "nome": "Riquinho 047",
        "saldo": 0,
        "cadastro": 1649247397,
        "last_msg": 1649247397,
        "username": "Rikinho047",
        "adm": "false"
    },
    "1690799751": {
        "nome": "B҉e҉l҉p҉h҉e҉g҉o҉r Xx'rip',isp",
        "saldo": 0,
        "cadastro": 1649247983,
        "last_msg": 1649247983,
        "username": "S3U_P10R_P3S4D2L0",
        "adm": "false"
    },
    "987905067": {
        "nome": "Marcelo ",
        "saldo": 0,
        "cadastro": 1649248131,
        "last_msg": 1649248131,
        "username": "undefined",
        "adm": "false"
    },
    "1410247656": {
        "nome": "Vt ",
        "saldo": 0,
        "cadastro": 1649248251,
        "last_msg": 1649248251,
        "username": "Mateus_Hr",
        "adm": "false",
        "dataLimite": 0
    },
    "2016653505": {
        "nome": "🇫🇷🅐🅝🅞🅝🅘🅜🅞 🇫🇷 ",
        "saldo": 0,
        "cadastro": 1649248269,
        "last_msg": 1649248269,
        "username": "undefined",
        "adm": "false"
    },
    "1800784176": {
        "nome": "peixonalta777 ",
        "saldo": 0,
        "cadastro": 1649248551,
        "last_msg": 1649248551,
        "username": "peixonalta777",
        "adm": "false",
        "dataLimite": 0
    },
    "972202514": {
        "nome": "Fernando Pinto",
        "saldo": 0,
        "cadastro": 1649252180,
        "last_msg": 1649252180,
        "username": "undefined",
        "adm": "false"
    },
    "898216356": {
        "nome": "flexx;( ",
        "saldo": 0,
        "cadastro": 1649252241,
        "last_msg": 1649252241,
        "username": "flexnevida",
        "adm": "false"
    },
    "1327790137": {
        "nome": "Challenger Certo",
        "saldo": 0,
        "cadastro": 1649252285,
        "last_msg": 1649252285,
        "username": "challengercerto",
        "adm": "false"
    },
    "943073586": {
        "nome": "HITMANN 47",
        "saldo": 0,
        "cadastro": 1649252551,
        "last_msg": 1649252551,
        "username": "casl1981",
        "adm": "false"
    },
    "920373775": {
        "nome": "Blindado 😈😠",
        "saldo": 0,
        "cadastro": 1649252930,
        "last_msg": 1649252930,
        "username": "Webvirusdados",
        "adm": "false"
    },
    "2086979141": {
        "nome": "Kaio Alaf",
        "saldo": 0,
        "cadastro": 1649253144,
        "last_msg": 1649253144,
        "username": "undefined",
        "adm": "false"
    },
    "968455023": {
        "nome": "𝐆𝐎𝐊𝐔 𝐓𝐄𝐋𝐀𝐒 𝐅𝐀𝐊𝐄",
        "saldo": 0,
        "cadastro": 1649253405,
        "last_msg": 1649253405,
        "username": "gokudastelas",
        "adm": "false"
    },
    "2057138239": {
        "nome": "Wellington Gomes",
        "saldo": 0,
        "cadastro": 1649254172,
        "last_msg": 1649254172,
        "username": "Oshakal",
        "adm": "false"
    },
    "1286028263": {
        "nome": "ÐᗩⅤƗÐ ᗩᒪᕮᘉᑕᗩᖇ ",
        "saldo": 0,
        "cadastro": 1649254496,
        "last_msg": 1649254496,
        "username": "otaldodavi",
        "adm": "false"
    },
    "1231709215": {
        "nome": "Felix agência",
        "saldo": 0,
        "cadastro": 1649254542,
        "last_msg": 1649254542,
        "username": "F_seguidores",
        "adm": "false"
    },
    "1955135807": {
        "nome": "UmSeteUM ",
        "saldo": 0,
        "cadastro": 1649254742,
        "last_msg": 1649254742,
        "username": "undefined",
        "adm": "false"
    },
    "2128447122": {
        "nome": "DINHEIRO BOM",
        "saldo": 0,
        "cadastro": 1649254765,
        "last_msg": 1649254765,
        "username": "muito_dinheiro",
        "adm": "false"
    },
    "925499733": {
        "nome": "eight ",
        "saldo": 0,
        "cadastro": 1649254853,
        "last_msg": 1649254853,
        "username": "eight889",
        "adm": "false"
    },
    "1003058406": {
        "nome": "silas ",
        "saldo": 0,
        "cadastro": 1649255352,
        "last_msg": 1649255352,
        "username": "Silas17",
        "adm": "false"
    },
    "727860648": {
        "nome": "L7NON ",
        "saldo": 0,
        "cadastro": 1649255370,
        "last_msg": 1649255370,
        "username": "lczs17",
        "adm": "false"
    },
    "1784872018": {
        "nome": "João Vítor",
        "saldo": 0,
        "cadastro": 1649255590,
        "last_msg": 1649255590,
        "username": "undefined",
        "adm": "false"
    },
    "717712155": {
        "nome": "Silva Silva",
        "saldo": 0,
        "cadastro": 1649255602,
        "last_msg": 1649255602,
        "username": "undefined",
        "adm": "false",
        "country": "brasil"
    },
    "805689984": {
        "nome": "Vidalonga7 ",
        "saldo": 0,
        "cadastro": 1649255863,
        "last_msg": 1649255863,
        "username": "Debruine7",
        "adm": "false"
    },
    "1868778489": {
        "nome": "Drake ",
        "saldo": 0,
        "cadastro": 1649255946,
        "last_msg": 1649255946,
        "username": "dra25ke",
        "adm": "false"
    },
    "923424298": {
        "nome": "U' Fino",
        "saldo": 0,
        "cadastro": 1649255996,
        "last_msg": 1649255996,
        "username": "UFinor",
        "adm": "false"
    },
    "705897029": {
        "nome": "Menor Do Crime",
        "saldo": 0,
        "cadastro": 1649256726,
        "last_msg": 1649256726,
        "username": "Menor777M",
        "adm": "false"
    },
    "1644580322": {
        "nome": "escanor ",
        "saldo": 0,
        "cadastro": 1649257035,
        "last_msg": 1649257035,
        "username": "undefined",
        "adm": "false"
    },
    "2024365159": {
        "nome": "Larih Silva",
        "saldo": 0,
        "cadastro": 1649257081,
        "last_msg": 1649257081,
        "username": "LarihSilva171",
        "adm": "false"
    },
    "786019469": {
        "nome": "iKryax ® ",
        "saldo": 0,
        "cadastro": 1649257370,
        "last_msg": 1649257370,
        "username": "iKRYAX",
        "adm": "false"
    },
    "2134542160": {
        "nome": "FÉ FAMÍLIA ",
        "saldo": 0,
        "cadastro": 1649257922,
        "last_msg": 1649257922,
        "username": "TROPAF",
        "adm": "false"
    },
    "1217364489": {
        "nome": "@GOUTYSAD ㅤ",
        "saldo": 0,
        "cadastro": 1649257956,
        "last_msg": 1649257956,
        "username": "GOUTYSAD",
        "adm": "false",
        "country": "brasil"
    },
    "1352379999": {
        "nome": "*Moreninha* ",
        "saldo": 0,
        "cadastro": 1649258017,
        "last_msg": 1649258017,
        "username": "Moreninhaa1",
        "adm": "false"
    },
    "1459285782": {
        "nome": "TK ",
        "saldo": 0,
        "cadastro": 1649258435,
        "last_msg": 1649258435,
        "username": "undefined",
        "adm": "false"
    },
    "1736232078": {
        "nome": "Julia rcd",
        "saldo": 0,
        "cadastro": 1649260902,
        "last_msg": 1649260902,
        "username": "juliarout",
        "adm": "false"
    },
    "1483961826": {
        "nome": "Paulo Henrique",
        "saldo": 0,
        "cadastro": 1649260910,
        "last_msg": 1649260910,
        "username": "veditaBlacksa2",
        "adm": "false"
    },
    "1786900522": {
        "nome": "Black Cyberlok",
        "saldo": 0,
        "cadastro": 1649260911,
        "last_msg": 1649260911,
        "username": "blackpainel",
        "adm": "false"
    },
    "824447024": {
        "nome": "BackspaceFXP ",
        "saldo": 0,
        "cadastro": 1649261160,
        "last_msg": 1649261160,
        "username": "BackSpaceFXP",
        "adm": "false",
        "country": "brasil"
    },
    "872623015": {
        "nome": "Lh 7",
        "saldo": 0,
        "cadastro": 1649261405,
        "last_msg": 1649261405,
        "username": "rei_71",
        "adm": "false"
    },
    "1563721437": {
        "nome": "Beatbox ",
        "saldo": 0,
        "cadastro": 1649261858,
        "last_msg": 1649261858,
        "username": "Beatbos",
        "adm": "false"
    },
    "1965990660": {
        "nome": "Dany Souza",
        "saldo": 0,
        "cadastro": 1649262226,
        "last_msg": 1649262226,
        "username": "Dany69bb",
        "adm": "false"
    },
    "1675024802": {
        "nome": "lobo mal ",
        "saldo": 0,
        "cadastro": 1649262238,
        "last_msg": 1649262238,
        "username": "Lobo_mal_244",
        "adm": "false"
    },
    "720736958": {
        "nome": "CPX 777",
        "saldo": 0,
        "cadastro": 1649262266,
        "last_msg": 1649262266,
        "username": "CPX777",
        "adm": "false"
    },
    "1226059122": {
        "nome": "… ",
        "saldo": 0,
        "cadastro": 1649263339,
        "last_msg": 1649263339,
        "username": "frozencerq",
        "adm": "false"
    },
    "1000641610": {
        "nome": "Comedor Do panga",
        "saldo": 0,
        "cadastro": 1649263673,
        "last_msg": 1649263673,
        "username": "undefined",
        "adm": "false"
    },
    "777378801": {
        "nome": "Xr consultaveis ",
        "saldo": 0,
        "cadastro": 1649263833,
        "last_msg": 1649263833,
        "username": "XR_CONSULTAVEIS",
        "adm": "false"
    },
    "861934642": {
        "nome": "Racha XX",
        "saldo": 0,
        "cadastro": 1649263852,
        "last_msg": 1649263852,
        "username": "RachaX",
        "adm": "false"
    },
    "825010628": {
        "nome": "cebolinha ",
        "saldo": 0,
        "cadastro": 1649263853,
        "last_msg": 1649263853,
        "username": "undefined",
        "adm": "false"
    },
    "723161643": {
        "nome": "matozzzo Viraaand tudo!",
        "saldo": 0,
        "cadastro": 1649264221,
        "last_msg": 1649264221,
        "username": "blessedd61",
        "adm": "false"
    },
    "801973214": {
        "nome": "Ramos Sena",
        "saldo": 0,
        "cadastro": 1649264406,
        "last_msg": 1649264406,
        "username": "Ramossena",
        "adm": "false"
    },
    "921598735": {
        "nome": "Hermanoteu ",
        "saldo": 0,
        "cadastro": 1649264489,
        "last_msg": 1649264489,
        "username": "Hermanotew",
        "adm": "false"
    },
    "719035915": {
        "nome": "ᴍᴀʀᴄᴇʟᴏ_ᴄᴏɴsᴜʟᴛᴀᴠᴇɪs ",
        "saldo": 0,
        "cadastro": 1649264505,
        "last_msg": 1649264505,
        "username": "Marcelo_ofc",
        "adm": "false"
    },
    "1151815875": {
        "nome": "MENOR 171",
        "saldo": 0,
        "cadastro": 1649264864,
        "last_msg": 1649264864,
        "username": "M3NOR171",
        "adm": "false"
    },
    "2067909832": {
        "nome": "Menor Tralha",
        "saldo": 0,
        "cadastro": 1649265046,
        "last_msg": 1649265046,
        "username": "undefined",
        "adm": "false"
    },
    "887364749": {
        "nome": "♤M@ŕķįţø♧●Ķíļł-Ļøțţĕř'ş● ",
        "saldo": 0,
        "cadastro": 1649265497,
        "last_msg": 1649265497,
        "username": "undefined",
        "adm": "false"
    },
    "763228563": {
        "nome": "THUG LIFE ",
        "saldo": 0,
        "cadastro": 1649265716,
        "last_msg": 1649265716,
        "username": "undefined",
        "adm": "false"
    },
    "1767722798": {
        "nome": "coruja coruja",
        "saldo": 0,
        "cadastro": 1649265933,
        "last_msg": 1649265933,
        "username": "CoRuJiNhA777",
        "adm": "false"
    },
    "963200467": {
        "nome": "Rapstar ",
        "saldo": 0,
        "cadastro": 1649265989,
        "last_msg": 1649265989,
        "username": "undefined",
        "adm": "false"
    },
    "832480934": {
        "nome": "SUPORTE BACKSPACE",
        "saldo": 0,
        "cadastro": 1649267390,
        "last_msg": 1649267390,
        "username": "SUPORTEBACK",
        "adm": "false"
    },
    "825362288": {
        "nome": "Rennan Luiz",
        "saldo": 0,
        "cadastro": 1649267539,
        "last_msg": 1649267539,
        "username": "RennanEDT",
        "adm": "false"
    },
    "1759560060": {
        "nome": "Yuri ",
        "saldo": 0,
        "cadastro": 1649268068,
        "last_msg": 1649268068,
        "username": "yyuriiii",
        "adm": "false"
    },
    "875075646": {
        "nome": "$ BUFALO CONSUL E Cc $",
        "saldo": 0,
        "cadastro": 1649268621,
        "last_msg": 1649268621,
        "username": "BUFALO171",
        "adm": "false"
    },
    "1996765900": {
        "nome": "Golf 62",
        "saldo": 0,
        "cadastro": 1649268774,
        "last_msg": 1649268774,
        "username": "undefined",
        "adm": "false"
    },
    "898409561": {
        "nome": "ATENDIMENTO OF MATHEUS MELHOR C0D3R DO 7",
        "saldo": 0,
        "cadastro": 1649269814,
        "last_msg": 1649269814,
        "username": "MatheusKitado",
        "adm": "false"
    },
    "1718047757": {
        "nome": "modo Avião",
        "saldo": 0,
        "cadastro": 1649270256,
        "last_msg": 1649270256,
        "username": "prrto",
        "adm": "false"
    },
    "1329271406": {
        "nome": "Jalisson Oliveira",
        "saldo": 0,
        "cadastro": 1649270605,
        "last_msg": 1649270605,
        "username": "undefined",
        "adm": "false"
    },
    "843782957": {
        "nome": "China 001",
        "saldo": 0,
        "cadastro": 1649270939,
        "last_msg": 1649270939,
        "username": "china000001",
        "adm": "false"
    },
    "1499680643": {
        "nome": "Lokoidoido ",
        "saldo": 0,
        "cadastro": 1649271711,
        "last_msg": 1649271711,
        "username": "lufisou",
        "adm": "false"
    },
    "1925653259": {
        "nome": "mateus ",
        "saldo": 0,
        "cadastro": 1649272133,
        "last_msg": 1649272133,
        "username": "mateusng_84",
        "adm": "false"
    },
    "940816980": {
        "nome": "𝑫 𝑮 𝑱 𝑬 𝑺 𝑼 𝑺 ",
        "saldo": 0,
        "cadastro": 1649272151,
        "last_msg": 1649272151,
        "username": "dgjesus69",
        "adm": "false"
    },
    "1993172612": {
        "nome": "Jotinha ",
        "saldo": 0,
        "cadastro": 1649278012,
        "last_msg": 1649278012,
        "username": "undefined",
        "adm": "false"
    },
    "1816728893": {
        "nome": "71 CF",
        "saldo": 0,
        "cadastro": 1649278014,
        "last_msg": 1649278014,
        "username": "undefined",
        "adm": "false",
        "country": "brasil"
    },
    "825134922": {
        "nome": "F ",
        "saldo": 0,
        "cadastro": 1649278015,
        "last_msg": 1649278015,
        "username": "undefined",
        "adm": "false"
    },
    "1105178971": {
        "nome": "Anonymus silva",
        "saldo": 0,
        "cadastro": 1649278015,
        "last_msg": 1649278015,
        "username": "Anonymussilva",
        "adm": "false"
    },
    "901569191": {
        "nome": "Soy Just1n 🥴 ",
        "saldo": 0,
        "cadastro": 1649278017,
        "last_msg": 1649278017,
        "username": "SoyJust1n",
        "adm": "false"
    },
    "969378682": {
        "nome": "Rafa Consultáveis",
        "saldo": 0,
        "cadastro": 1649278018,
        "last_msg": 1649278018,
        "username": "rafa_consultaveis",
        "adm": "false"
    },
    "783084641": {
        "nome": "20 22",
        "saldo": 0,
        "cadastro": 1649278020,
        "last_msg": 1649278020,
        "username": "undefined",
        "adm": "false"
    },
    "2071563471": {
        "nome": "POKA$ ©® ",
        "saldo": 0,
        "cadastro": 1649278021,
        "last_msg": 1649278021,
        "username": "pokas_cr",
        "adm": "false"
    },
    "824783587": {
        "nome": "IDOSA DO 7ㅤㅤ ",
        "saldo": 0,
        "cadastro": 1649278023,
        "last_msg": 1649278023,
        "username": "IDOSADO171",
        "adm": "false"
    },
    "839644978": {
        "nome": "Mario World Deluxe",
        "saldo": 0,
        "cadastro": 1649278030,
        "last_msg": 1649278030,
        "username": "MarioWorldDeluxe",
        "adm": "false"
    },
    "1946315625": {
        "nome": "Natália ",
        "saldo": 0,
        "cadastro": 1649278031,
        "last_msg": 1649278031,
        "username": "undefined",
        "adm": "false"
    },
    "1962831220": {
        "nome": "el tiringa ,eu só o ftr",
        "saldo": 0,
        "cadastro": 1649278034,
        "last_msg": 1649278034,
        "username": "undefined",
        "adm": "false"
    },
    "706694894": {
        "nome": "Maneva Eva",
        "saldo": 0,
        "cadastro": 1649278034,
        "last_msg": 1649278034,
        "username": "undefined",
        "adm": "false"
    },
    "2039250045": {
        "nome": "Daleste Silva",
        "saldo": 0,
        "cadastro": 1649278035,
        "last_msg": 1649278035,
        "username": "EAElimaEAE",
        "adm": "false"
    },
    "1077699358": {
        "nome": "𝗧𝗔𝗟𝗜𝗕𝗔𝗡 𝗖𝗢𝗡𝗦𝗨𝗟𝗧𝗔𝗩𝗘𝗜𝗦 𝗜𝗗 1077699358 𝗡 𝗖𝗛𝗔𝗠𝗢 𝗣𝗩",
        "saldo": 0,
        "cadastro": 1649278035,
        "last_msg": 1649278035,
        "username": "talibanrj",
        "adm": "false"
    },
    "1278315864": {
        "nome": "dh ",
        "saldo": 0,
        "cadastro": 1649278701,
        "last_msg": 1649278701,
        "username": "undefined",
        "adm": "false"
    },
    "1037507097": {
        "nome": "Vital Agência",
        "saldo": 0,
        "cadastro": 1649279560,
        "last_msg": 1649279560,
        "username": "VitalAgencia",
        "adm": "false"
    },
    "959361490": {
        "nome": "Da Bin ",
        "saldo": 0,
        "cadastro": 1649279705,
        "last_msg": 1649279705,
        "username": "undefined",
        "adm": "false"
    },
    "830415990": {
        "nome": "Abraão Oliveira Ribeiro",
        "saldo": 0,
        "cadastro": 1649279921,
        "last_msg": 1649279921,
        "username": "undefined",
        "adm": "false"
    },
    "716756476": {
        "nome": "gustavo souza",
        "saldo": 0,
        "cadastro": 1649280209,
        "last_msg": 1649280209,
        "username": "undefined",
        "adm": "false"
    },
    "798104036": {
        "nome": "chaps ",
        "saldo": 0,
        "cadastro": 1649280612,
        "last_msg": 1649280612,
        "username": "tenkioschap",
        "adm": "false"
    },
    "939333442": {
        "nome": "Pablo Cintra",
        "saldo": 0,
        "cadastro": 1649280624,
        "last_msg": 1649280624,
        "username": "Pablocintra92",
        "adm": "false"
    },
    "943285652": {
        "nome": "Ka ",
        "saldo": 0,
        "cadastro": 1649281144,
        "last_msg": 1649281144,
        "username": "undefined",
        "adm": "false"
    },
    "1865046465": {
        "nome": "Leo ruas ",
        "saldo": 0,
        "cadastro": 1649281592,
        "last_msg": 1649281592,
        "username": "darkinvadert",
        "adm": "false"
    },
    "1941195750": {
        "nome": "Miguel Matador",
        "saldo": 0,
        "cadastro": 1649281698,
        "last_msg": 1649281698,
        "username": "undefined",
        "adm": "false"
    },
    "981272151": {
        "nome": "Sherlock Brute",
        "saldo": 0,
        "cadastro": 1649281735,
        "last_msg": 1649281735,
        "username": "Jotafick2",
        "adm": "false"
    },
    "988318417": {
        "nome": "Gângster 71 ",
        "saldo": 0,
        "cadastro": 1649281743,
        "last_msg": 1649281743,
        "username": "g4ngster71",
        "adm": "false"
    },
    "844975632": {
        "nome": "Jhow ",
        "saldo": 0,
        "cadastro": 1649282323,
        "last_msg": 1649282323,
        "username": "jhowacc",
        "adm": "false"
    },
    "1585920203": {
        "nome": "LOL WILD RIFT 🃏 ",
        "saldo": 0,
        "cadastro": 1649282326,
        "last_msg": 1649282326,
        "username": "BigodinhoLol",
        "adm": "false"
    },
    "990334228": {
        "nome": "i124q ",
        "saldo": 0,
        "cadastro": 1649284202,
        "last_msg": 1649284202,
        "username": "Ion24q",
        "adm": "false"
    },
    "1700327523": {
        "nome": "Paulo Gustavo",
        "saldo": 0,
        "cadastro": 1649284202,
        "last_msg": 1649284202,
        "username": "undefined",
        "adm": "false"
    },
    "1219252926": {
        "nome": "PH ",
        "saldo": 0,
        "cadastro": 1649284209,
        "last_msg": 1649284209,
        "username": "peagad7",
        "adm": "false"
    },
    "707314545": {
        "nome": "Antony_Carder ",
        "saldo": 0,
        "cadastro": 1649284209,
        "last_msg": 1649284209,
        "username": "Antony_carder",
        "adm": "false"
    },
    "826803556": {
        "nome": "Marco Julio",
        "saldo": 0,
        "cadastro": 1649284210,
        "last_msg": 1649284210,
        "username": "undefined",
        "adm": "false"
    },
    "1063119790": {
        "nome": "Grilo 🦗 ",
        "saldo": 0,
        "cadastro": 1649287878,
        "last_msg": 1649287878,
        "username": "undefined",
        "adm": "false"
    },
    "774486252": {
        "nome": "Lv Do Mdp ",
        "saldo": 0,
        "cadastro": 1649288500,
        "last_msg": 1649288500,
        "username": "undefined",
        "adm": "false",
        "country": "brasil"
    },
    "1966917165": {
        "nome": "joao Amorim",
        "saldo": 0,
        "cadastro": 1649288810,
        "last_msg": 1649288810,
        "username": "Joaodeatz",
        "adm": "false"
    },
    "2087565787": {
        "nome": "Marcelo Junior",
        "saldo": 0,
        "cadastro": 1649289103,
        "last_msg": 1649289103,
        "username": "undefined",
        "adm": "false"
    },
    "2025048652": {
        "nome": "DIABO velho ",
        "saldo": 0,
        "cadastro": 1649289109,
        "last_msg": 1649289109,
        "username": "DIABOvelho",
        "adm": "false"
    },
    "745850027": {
        "nome": "Joao Victor",
        "saldo": 0,
        "cadastro": 1649289673,
        "last_msg": 1649289673,
        "username": "undefined",
        "adm": "false"
    },
    "977520884": {
        "nome": "Desenvolto Kadu",
        "saldo": 0,
        "cadastro": 1649290346,
        "last_msg": 1649290346,
        "username": "kadudesenvolto",
        "adm": "false"
    },
    "954164491": {
        "nome": "99 Corrida Gratis",
        "saldo": 0,
        "cadastro": 1649291059,
        "last_msg": 1649291059,
        "username": "CorridaGratis99_99",
        "adm": "false"
    },
    "994489310": {
        "nome": ". .",
        "saldo": 0,
        "cadastro": 1649291060,
        "last_msg": 1649291060,
        "username": "pirateador",
        "adm": "false"
    },
    "833115381": {
        "nome": "Roverto ",
        "saldo": 0,
        "cadastro": 1649291801,
        "last_msg": 1649291801,
        "username": "undefined",
        "adm": "false"
    },
    "1370174394": {
        "nome": "OohBrabbo ",
        "saldo": 0,
        "cadastro": 1649341830,
        "last_msg": 1649341830,
        "username": "OohBrabbo",
        "adm": "false"
    },
    "1713891495": {
        "nome": "Breno Martins ",
        "saldo": 0,
        "cadastro": 1649341842,
        "last_msg": 1649341842,
        "username": "Martins_071",
        "adm": "false"
    },
    "2012677226": {
        "nome": "Andressa Martins ",
        "saldo": 0,
        "cadastro": 1649341842,
        "last_msg": 1649341842,
        "username": "undefined",
        "adm": "false"
    },
    "1868378207": {
        "nome": "Jhow ",
        "saldo": 0,
        "cadastro": 1649341842,
        "last_msg": 1649341842,
        "username": "undefined",
        "adm": "false"
    },
    "971844700": {
        "nome": "Mm ",
        "saldo": 0,
        "cadastro": 1649341846,
        "last_msg": 1649341846,
        "username": "mmferreir4",
        "adm": "false"
    },
    "735983551": {
        "nome": "Gui Zaoo",
        "saldo": 0,
        "cadastro": 1649341847,
        "last_msg": 1649341847,
        "username": "guizaoffx",
        "adm": "false"
    },
    "1187278341": {
        "nome": "Starkfc7 ",
        "saldo": 0,
        "cadastro": 1649341849,
        "last_msg": 1649341849,
        "username": "StarkFC7",
        "adm": "false"
    },
    "2129660947": {
        "nome": "S4G4T1 ",
        "saldo": 0,
        "cadastro": 1649341849,
        "last_msg": 1649341849,
        "username": "D2171",
        "adm": "false"
    },
    "2086184821": {
        "nome": "Hiaguim du Sete",
        "saldo": 0,
        "cadastro": 1649341849,
        "last_msg": 1649341849,
        "username": "Hiaguimdusete",
        "adm": "false"
    },
    "1966307237": {
        "nome": "Louco e Sonhador 😎",
        "saldo": 0,
        "cadastro": 1649341856,
        "last_msg": 1649341856,
        "username": "OsMano051",
        "adm": "false"
    },
    "2136017637": {
        "nome": "H Silva",
        "saldo": 0,
        "cadastro": 1649341857,
        "last_msg": 1649341857,
        "username": "Hsilva17",
        "adm": "false"
    },
    "2064867821": {
        "nome": "Megafire Br",
        "saldo": 0,
        "cadastro": 1649341857,
        "last_msg": 1649341857,
        "username": "SouthPawbr",
        "adm": "false"
    },
    "850790252": {
        "nome": "😎 ",
        "saldo": 0,
        "cadastro": 1649341858,
        "last_msg": 1649341858,
        "username": "vma29",
        "adm": "false"
    },
    "896826417": {
        "nome": "Arthur ",
        "saldo": 0,
        "cadastro": 1649341858,
        "last_msg": 1649341858,
        "username": "pavilhao777",
        "adm": "false"
    },
    "1305051753": {
        "nome": "اواز ",
        "saldo": 0,
        "cadastro": 1649341859,
        "last_msg": 1649341859,
        "username": "undefined",
        "adm": "false"
    },
    "834767446": {
        "nome": "fp Mestre Do⁷",
        "saldo": 0,
        "cadastro": 1649341859,
        "last_msg": 1649341859,
        "username": "Mestredo7",
        "adm": "false"
    },
    "1262463526": {
        "nome": "Cr9 ",
        "saldo": 0,
        "cadastro": 1649341860,
        "last_msg": 1649341860,
        "username": "ALFA777770",
        "adm": "false"
    },
    "942781995": {
        "nome": "ND ",
        "saldo": 0,
        "cadastro": 1649341860,
        "last_msg": 1649341860,
        "username": "Ndputaria",
        "adm": "false"
    },
    "1938907609": {
        "nome": "Carvalho ",
        "saldo": 0,
        "cadastro": 1649341868,
        "last_msg": 1649341868,
        "username": "undefined",
        "adm": "false"
    },
    "753529738": {
        "nome": "Mister 10",
        "saldo": 0,
        "cadastro": 1649341870,
        "last_msg": 1649341870,
        "username": "MALVADONA12",
        "adm": "false"
    },
    "2066543440": {
        "nome": "ERECHIM DA BLAZE✔",
        "saldo": 0,
        "cadastro": 1649341870,
        "last_msg": 1649341870,
        "username": "ERECHIMDABLAZE",
        "adm": "false"
    },
    "682208404": {
        "nome": "Ffiel ",
        "saldo": 0,
        "cadastro": 1649341874,
        "last_msg": 1649341874,
        "username": "undefined",
        "adm": "false"
    },
    "1874185895": {
        "nome": "Vitin 🐊",
        "saldo": 0,
        "cadastro": 1649341881,
        "last_msg": 1649341881,
        "username": "Vitin_171",
        "adm": "false"
    },
    "866992139": {
        "nome": "Alan ",
        "saldo": 0,
        "cadastro": 1649341881,
        "last_msg": 1649341881,
        "username": "Alan1533",
        "adm": "false"
    },
    "845338285": {
        "nome": "Elite gg GG",
        "saldo": 0,
        "cadastro": 1649341884,
        "last_msg": 1649341884,
        "username": "DiegoKong",
        "adm": "false"
    },
    "722310603": {
        "nome": "Place ",
        "saldo": 0,
        "cadastro": 1649341889,
        "last_msg": 1649341889,
        "username": "placebgk",
        "adm": "false"
    },
    "1860122474": {
        "nome": "Menor ",
        "saldo": 0,
        "cadastro": 1649341898,
        "last_msg": 1649341898,
        "username": "Eeomenor",
        "adm": "false"
    },
    "1948387987": {
        "nome": "BDS ",
        "saldo": 0,
        "cadastro": 1649341903,
        "last_msg": 1649341903,
        "username": "BDS13ZL",
        "adm": "false"
    },
    "825081785": {
        "nome": "Adriel ",
        "saldo": 0,
        "cadastro": 1649341904,
        "last_msg": 1649341904,
        "username": "Apenascliente",
        "adm": "false"
    },
    "1750012939": {
        "nome": "Plaqtudum ",
        "saldo": 0,
        "cadastro": 1649341909,
        "last_msg": 1649341909,
        "username": "gestaoestrangeira",
        "adm": "false"
    },
    "810827417": {
        "nome": "HP ",
        "saldo": 0,
        "cadastro": 1649341910,
        "last_msg": 1649341910,
        "username": "HPBLU100",
        "adm": "false"
    },
    "2097452267": {
        "nome": "Dan Dan",
        "saldo": 0,
        "cadastro": 1649341912,
        "last_msg": 1649341912,
        "username": "DanDanxw",
        "adm": "false"
    },
    "2069774569": {
        "nome": "RASCK ",
        "saldo": 0,
        "cadastro": 1649341914,
        "last_msg": 1649341914,
        "username": "Racsk2",
        "adm": "false"
    },
    "2024477633": {
        "nome": "empresa golp's ",
        "saldo": 0,
        "cadastro": 1649341914,
        "last_msg": 1649341914,
        "username": "undefined",
        "adm": "false"
    },
    "1897115537": {
        "nome": "Morenaah ",
        "saldo": 0,
        "cadastro": 1649341917,
        "last_msg": 1649341917,
        "username": "nalaurainha",
        "adm": "false"
    },
    "1065688075": {
        "nome": "levi Paulino",
        "saldo": 0,
        "cadastro": 1649342208,
        "last_msg": 1649342208,
        "username": "Levisouzi",
        "adm": "false"
    },
    "868134271": {
        "nome": "NOSSO COMPARTILHADO",
        "saldo": 0,
        "cadastro": 1649342470,
        "last_msg": 1649342470,
        "username": "COMPARTILHAD",
        "adm": "false"
    },
    "705866808": {
        "nome": "GXZDRAGON ",
        "saldo": 0,
        "cadastro": 1649342698,
        "last_msg": 1649342698,
        "username": "GXZDRAGON",
        "adm": "false"
    },
    "870144665": {
        "nome": "@ Fazenda",
        "saldo": 0,
        "cadastro": 1649342797,
        "last_msg": 1649342797,
        "username": "Fazendinha13",
        "adm": "false"
    },
    "1043396310": {
        "nome": "Taus™ ",
        "saldo": 0,
        "cadastro": 1649342950,
        "last_msg": 1649342950,
        "username": "Tausjn",
        "adm": "false"
    },
    "1239550551": {
        "nome": "💸𝐋𝐔𝐂𝐀𝐒 3𝕷𝖃💸",
        "saldo": 0,
        "cadastro": 1649343054,
        "last_msg": 1649343054,
        "username": "luh3l",
        "adm": "false"
    },
    "993579613": {
        "nome": "trusty ",
        "saldo": 0,
        "cadastro": 1649343061,
        "last_msg": 1649343061,
        "username": "trusty01",
        "adm": "false"
    },
    "1802142143": {
        "nome": "Rafi Sdc",
        "saldo": 0,
        "cadastro": 1649343429,
        "last_msg": 1649343429,
        "username": "R12fael",
        "adm": "false"
    },
    "802343469": {
        "nome": "PEGA MANGA ",
        "saldo": 0,
        "cadastro": 1649344694,
        "last_msg": 1649344694,
        "username": "pegamanga1533",
        "adm": "false"
    },
    "2086149049": {
        "nome": "Vulgohmenordo7 😈🤑",
        "saldo": 0,
        "cadastro": 1649344710,
        "last_msg": 1649344710,
        "username": "Vulgomenodo7",
        "adm": "false",
        "country": "brasil"
    },
    "1470718496": {
        "nome": "vs tralha ",
        "saldo": 0,
        "cadastro": 1649344968,
        "last_msg": 1649344968,
        "username": "undefined",
        "adm": "false"
    },
    "756656893": {
        "nome": "Mestre Noturno",
        "saldo": 0,
        "cadastro": 1649345010,
        "last_msg": 1649345010,
        "username": "MestreNoturno",
        "adm": "false"
    },
    "1894351101": {
        "nome": "MadMax 71",
        "saldo": 0,
        "cadastro": 1649345047,
        "last_msg": 1649345047,
        "username": "lMadMax171",
        "adm": "false"
    },
    "753678176": {
        "nome": "Rud 666",
        "saldo": 0,
        "cadastro": 1649345075,
        "last_msg": 1649345075,
        "username": "undefined",
        "adm": "false"
    },
    "1819894314": {
        "nome": "Patrick Costa ",
        "saldo": 0,
        "cadastro": 1649345090,
        "last_msg": 1649345090,
        "username": "undefined",
        "adm": "false"
    },
    "1922944735": {
        "nome": "Bart ",
        "saldo": 0,
        "cadastro": 1649345675,
        "last_msg": 1649345675,
        "username": "Bart_Sip",
        "adm": "false"
    },
    "965912339": {
        "nome": "ESCARPO ",
        "saldo": 0,
        "cadastro": 1649346689,
        "last_msg": 1649346689,
        "username": "ESCARPO",
        "adm": "false"
    },
    "1823432122": {
        "nome": "Max ",
        "saldo": 0,
        "cadastro": 1649347481,
        "last_msg": 1649347481,
        "username": "Eu_maax",
        "adm": "false"
    },
    "758872964": {
        "nome": "🤧 ",
        "saldo": 0,
        "cadastro": 1649348455,
        "last_msg": 1649348455,
        "username": "MoralJL",
        "adm": "false"
    },
    "180572620": {
        "nome": "AGATHODAIMON ",
        "saldo": 0,
        "cadastro": 1649348607,
        "last_msg": 1649348607,
        "username": "Agathosdaemon",
        "adm": "false"
    },
    "805415880": {
        "nome": "Alerquina maluquinha ",
        "saldo": 0,
        "cadastro": 1649348633,
        "last_msg": 1649348633,
        "username": "undefined",
        "adm": "false"
    },
    "955159174": {
        "nome": "STREAM ZONE Premium",
        "saldo": 0,
        "cadastro": 1649348685,
        "last_msg": 1649348685,
        "username": "undefined",
        "adm": "false"
    },
    "1850057661": {
        "nome": "kerolayne ",
        "saldo": 0,
        "cadastro": 1649360467,
        "last_msg": 1649360467,
        "username": "undefined",
        "adm": "false"
    },
    "2042459596": {
        "nome": "souza matos",
        "saldo": 0,
        "cadastro": 1649360467,
        "last_msg": 1649360467,
        "username": "undefined",
        "adm": "false"
    },
    "2020588950": {
        "nome": "Puxa dados ",
        "saldo": 0,
        "cadastro": 1649360467,
        "last_msg": 1649360467,
        "username": "undefined",
        "adm": "false"
    },
    "730617211": {
        "nome": "raquel ",
        "saldo": 0,
        "cadastro": 1649360469,
        "last_msg": 1649360469,
        "username": "raquel_010",
        "adm": "false"
    },
    "1918067126": {
        "nome": "J ",
        "saldo": 0,
        "cadastro": 1649360469,
        "last_msg": 1649360469,
        "username": "bazigol",
        "adm": "false"
    },
    "971560530": {
        "nome": "Novinh07 ",
        "saldo": 0,
        "cadastro": 1649360471,
        "last_msg": 1649360471,
        "username": "Nv171",
        "adm": "false"
    },
    "877758674": {
        "nome": "Hiago Soares",
        "saldo": 0,
        "cadastro": 1649360477,
        "last_msg": 1649360477,
        "username": "undefined",
        "adm": "false"
    },
    "1487079233": {
        "nome": "Felipe 😎",
        "saldo": 0,
        "cadastro": 1649360479,
        "last_msg": 1649360479,
        "username": "Felipao1234",
        "adm": "false"
    },
    "1894179847": {
        "nome": "Cimes7 ",
        "saldo": 0,
        "cadastro": 1649360480,
        "last_msg": 1649360480,
        "username": "undefined",
        "adm": "false"
    },
    "822318643": {
        "nome": "HASHIRAMA 171",
        "saldo": 0,
        "cadastro": 1649360480,
        "last_msg": 1649360480,
        "username": "HokageDo7",
        "adm": "false"
    },
    "2077428031": {
        "nome": "Felipe Bitencourt",
        "saldo": 0,
        "cadastro": 1649360485,
        "last_msg": 1649360485,
        "username": "undefined",
        "adm": "false"
    },
    "2022872236": {
        "nome": "Manu ",
        "saldo": 0,
        "cadastro": 1649360486,
        "last_msg": 1649360486,
        "username": "Lilicamanu",
        "adm": "false"
    },
    "754737230": {
        "nome": "LARAS FISICAS",
        "saldo": 0,
        "cadastro": 1649360489,
        "last_msg": 1649360489,
        "username": "larasfisicas",
        "adm": "false"
    },
    "1202750289": {
        "nome": "Sucesso Marketing Solução em T.I",
        "saldo": 0,
        "cadastro": 1649360495,
        "last_msg": 1649360495,
        "username": "Lojinhasbr",
        "adm": "false"
    },
    "1947279185": {
        "nome": "Renda Extra",
        "saldo": 0,
        "cadastro": 1649360496,
        "last_msg": 1649360496,
        "username": "Jaienelima12",
        "adm": "false"
    },
    "950917488": {
        "nome": "Biel ",
        "saldo": 0,
        "cadastro": 1649360497,
        "last_msg": 1649360497,
        "username": "undefined",
        "adm": "false"
    },
    "1341924081": {
        "nome": "Sutz ",
        "saldo": 0,
        "cadastro": 1649360504,
        "last_msg": 1649360504,
        "username": "undefined",
        "adm": "false"
    },
    "758785190": {
        "nome": "VemCrypto ",
        "saldo": 0,
        "cadastro": 1649360505,
        "last_msg": 1649360505,
        "username": "VemCrypto",
        "adm": "false"
    },
    "2119641734": {
        "nome": "Blinder Consultáveis",
        "saldo": 0,
        "cadastro": 1649360510,
        "last_msg": 1649360510,
        "username": "BLINDERSCONSULTAVEIS",
        "adm": "false"
    },
    "911811411": {
        "nome": "Mc DB",
        "saldo": 0,
        "cadastro": 1649360510,
        "last_msg": 1649360510,
        "username": "samukaaguiar",
        "adm": "false"
    },
    "1763284973": {
        "nome": "Saulo Seguidores",
        "saldo": 0,
        "cadastro": 1649360511,
        "last_msg": 1649360511,
        "username": "sauloseguidores",
        "adm": "false"
    },
    "1858526330": {
        "nome": ".m ",
        "saldo": 0,
        "cadastro": 1649360511,
        "last_msg": 1649360511,
        "username": "undefined",
        "adm": "false"
    },
    "956231261": {
        "nome": "maria ",
        "saldo": 0,
        "cadastro": 1649361459,
        "last_msg": 1649361459,
        "username": "nobruapelao171",
        "adm": "false"
    },
    "1717264986": {
        "nome": "DK EMBAIXADOR",
        "saldo": 0,
        "cadastro": 1649362663,
        "last_msg": 1649362663,
        "username": "dkconsultavel",
        "adm": "false"
    },
    "2036474735": {
        "nome": "vanessa ",
        "saldo": 0,
        "cadastro": 1649363856,
        "last_msg": 1649363856,
        "username": "undefined",
        "adm": "false"
    },
    "1923496168": {
        "nome": "ABBOT │ ASSIST ",
        "saldo": 0,
        "cadastro": 1649365966,
        "last_msg": 1649365966,
        "username": "abbotassistente",
        "adm": "false"
    },
    "1862558388": {
        "nome": "Nobru ",
        "saldo": 0,
        "cadastro": 1649367394,
        "last_msg": 1649367394,
        "username": "nob7u",
        "adm": "false"
    },
    "811685464": {
        "nome": "𝘝𝘰𝘯 𝘴𝘤𝘢𝘮 ",
        "saldo": 0,
        "cadastro": 1649368208,
        "last_msg": 1649368208,
        "username": "vonscammer",
        "adm": "false"
    },
    "1016218310": {
        "nome": "roddy ",
        "saldo": 0,
        "cadastro": 1649368904,
        "last_msg": 1649368904,
        "username": "roddyrc",
        "adm": "false"
    },
    "771527429": {
        "nome": "Gordo Urg",
        "saldo": 0,
        "cadastro": 1649368938,
        "last_msg": 1649368938,
        "username": "undefined",
        "adm": "false"
    },
    "824794539": {
        "nome": "Wisk Ball",
        "saldo": 0,
        "cadastro": 1649369102,
        "last_msg": 1649369102,
        "username": "Santzzstore",
        "adm": "false",
        "country": "brasil"
    },
    "739848601": {
        "nome": "Luaa Rifas",
        "saldo": 0,
        "cadastro": 1649369159,
        "last_msg": 1649369159,
        "username": "Luanarifas",
        "adm": "false"
    },
    "1244651563": {
        "nome": "مزاج ",
        "saldo": 0,
        "cadastro": 1649369663,
        "last_msg": 1649369663,
        "username": "undefined",
        "adm": "false"
    },
    "952482782": {
        "nome": "JÂO ",
        "saldo": 0,
        "cadastro": 1649369869,
        "last_msg": 1649369869,
        "username": "Carderschk",
        "adm": "false"
    },
    "947181850": {
        "nome": "Certocorreto ",
        "saldo": 0,
        "cadastro": 1649369988,
        "last_msg": 1649369988,
        "username": "eu7171",
        "adm": "false"
    },
    "903335341": {
        "nome": "Menino flack0",
        "saldo": 0,
        "cadastro": 1649370052,
        "last_msg": 1649370052,
        "username": "Meninoflack0",
        "adm": "false"
    },
    "898889434": {
        "nome": "Gabriel Quebrada ",
        "saldo": 0,
        "cadastro": 1649371166,
        "last_msg": 1649371166,
        "username": "undefined",
        "adm": "false"
    },
    "794662550": {
        "nome": "Julio Petriz",
        "saldo": 0,
        "cadastro": 1649371353,
        "last_msg": 1649371353,
        "username": "BkdasEditaveis",
        "adm": "false"
    },
    "1861135313": {
        "nome": "Sasa ",
        "saldo": 0,
        "cadastro": 1649371406,
        "last_msg": 1649371406,
        "username": "Vvhkjc",
        "adm": "false"
    }
}