{
    "dono": "2006704174",
    "manutencao": "false",
    "userDono": "@LACOSTE_DK",
    "grupoDono": "-1001427095069",
    "versao": "1.0.0",
    "updateDAte": "06/04/2022 as 9:52",
    "price": {
        "Default": 15,
        "Gold": 17,
        "gold": 17,
        "Elo": 19,
        "elo": 19,
        "Business": 30,
        "business": 30,
        "Standard": 13,
        "standard": 13,
        "Platinum": 25,
        "platinum": 25,
        "Infinite": 35,
        "Black": 40,
        "black": 40,
        "infinite": 35
    },
    "pricemix": {
        "2": 10,
        "default": 15,
        "3": 50
    },
    "welcome": "━━━━━━━━━━━━━━━━━━━━━━━━━━━━━━━\n𝐁𝐞𝐦 𝐯𝐢𝐧𝐝𝐨(𝐚) 𝐋𝐀𝐂𝐀𝐒𝐇_𝐒𝐓𝐎𝐑𝐄, 𝐚 𝐬𝐭𝐨𝐫𝐞 𝐝𝐨𝐬 𝐦𝐞𝐥𝐡𝐨𝐫𝐞𝐬 𝐚𝐩𝐫𝐨𝐯𝐚𝐝𝐨𝐫𝐞𝐬 𝐝𝐚 𝐧𝐞𝐭!!!\n━━━━━━━━━━━━━━━━━━━━━━━━━━━━━━━\n\n𝐛𝐨𝐚 𝐛𝐨𝐚 {NAME}  é 𝐮𝐦𝐚 𝐩𝐫𝐚𝐳𝐞𝐫 𝐭𝐞𝐫 𝐯𝐨𝐜ê 𝐜𝐨𝐦𝐨 𝐜𝐥𝐢𝐞𝐧𝐭𝐞 𝐞𝐦 𝐧𝐨𝐬𝐬𝐚 𝐬𝐭𝐨𝐫𝐞 𝐝𝐞 𝐂𝐂𝐬, 𝐚𝐠𝐫𝐚𝐝𝐞ç𝐨 𝐬𝐮𝐚 𝐩𝐫𝐞𝐬𝐞𝐧ç𝐚 𝐞 𝐪𝐮𝐞 𝐯𝐨𝐜ê 𝐩𝐨𝐬𝐬𝐚 𝐜𝐨𝐦𝐩𝐫𝐚𝐫 𝐧𝐨𝐬𝐬𝐨 𝐦𝐚𝐭𝐞𝐫𝐢𝐚𝐥 𝐞 𝐞𝐧𝐭𝐫𝐚𝐫 𝐩𝐫𝐨 𝐭𝐢𝐦𝐞 𝐥𝐚𝐜𝐨𝐬𝐭𝐞!.\n━━━━━━━━━━━━━━━━━━━━━━━━━━━━━━━\n\n⚠️ 𝐍𝐨𝐬𝐬𝐨𝐬 𝐯𝐞𝐧𝐝𝐞𝐝𝐨𝐫𝐞𝐬 𝐞 𝐀𝐝𝐦𝐢𝐧𝐢𝐬𝐭𝐫𝐚𝐝𝐨𝐫𝐞𝐬 𝐝𝐨 𝐛𝐨𝐭 𝐧ã𝐨 𝐜𝐡𝐚𝐦𝐚𝐦 𝐧𝐨 𝐩𝐫𝐢𝐯𝐚𝐝𝐨 𝐟𝐨𝐫𝐧𝐞𝐜𝐞𝐧𝐝𝐨 𝐧𝐞𝐧𝐡𝐮𝐦 𝐬𝐞𝐫𝐯𝐢ç𝐨 𝐝𝐞 𝐜𝐨𝐦𝐩𝐫𝐚𝐬 𝐩𝐨𝐫 𝐨𝐮𝐭𝐫𝐨𝐬 𝐯𝐚𝐥𝐨𝐫𝐞𝐬, 𝐚𝐩𝐞𝐧𝐚𝐬 𝐟𝐚𝐳𝐞𝐦𝐨𝐬 𝐯𝐞𝐧𝐝𝐚𝐬 𝐩𝐞𝐥𝐨 𝐧𝐨𝐬𝐬𝐨 𝐚𝐭𝐮𝐚𝐥 𝐛𝐨𝐭.\n⚠️ 𝐀𝐬 𝐭𝐫𝐨𝐜𝐚𝐬 𝐬ã𝐨 𝐟𝐞𝐢𝐭𝐚𝐬 𝐝𝐞 𝐟𝐨𝐫𝐦𝐚 𝐚𝐮𝐭𝐨𝐦á𝐭𝐢𝐜𝐚 𝐩𝐞𝐥𝐨 𝐁𝐎𝐓 𝐞 𝐯𝐨𝐜ê 𝐭𝐞𝐫á 𝐬𝐞𝐮 𝐬𝐚𝐥𝐝𝐨 𝐝𝐞𝐯𝐨𝐥𝐯𝐢𝐝𝐨 𝐞𝐦 𝐜𝐚𝐬𝐨𝐬 𝐝𝐞 𝐦𝐚𝐭𝐞𝐫𝐢𝐚𝐥 𝐃𝐈𝐄 (𝐦𝐨𝐫𝐭𝐨). 𝐍ã𝐨 𝐜𝐡𝐚𝐦𝐞 𝐨𝐬 𝐀𝐝𝐦𝐢𝐧𝐢𝐬𝐭𝐫𝐚𝐝𝐨𝐫𝐞𝐬 𝐩𝐞𝐝𝐢𝐧𝐝𝐨 𝐭𝐫𝐨𝐜𝐚𝐬 𝐦𝐚𝐧𝐮𝐚𝐢𝐬.\n⚠️ 𝐎 𝐜𝐡𝐞𝐜𝐤𝐞𝐫 𝐟𝐨𝐢 𝐡𝐚𝐛𝐢𝐥𝐢𝐭𝐚𝐝𝐨 𝐩𝐚𝐫𝐚 𝐭𝐞𝐬𝐭𝐚𝐫 𝐨𝐬 𝐜𝐚𝐫𝐭õ𝐞𝐬 𝐜𝐨𝐦𝐩𝐫𝐚𝐝𝐨𝐬 , 𝐭𝐞𝐧𝐝𝐨 𝐞𝐦 𝐦𝐞𝐧𝐭𝐞 𝐪𝐮𝐞 𝐧ã𝐨\n 𝐩𝐮𝐱𝐚𝐦𝐨𝐬 𝐬𝐚𝐥𝐝𝐨, é 𝐚𝐩𝐞𝐧𝐚𝐬 𝐯𝐞𝐫𝐢𝐟𝐢𝐜𝐚çã𝐨 𝐝𝐨 𝐜𝐚𝐫𝐭ã𝐨 𝐬𝐞 𝐞𝐬𝐭á 𝐜𝐨𝐦 𝐬𝐚𝐥𝐝𝐨 𝐩𝐚𝐫𝐚 𝐜𝐨𝐦𝐩𝐫𝐚𝐫 𝐩𝐞𝐥𝐚 𝐢𝐧𝐭𝐞𝐫𝐧𝐞𝐭.\n\n✅ 𝐕𝐨𝐜ê 𝐭𝐞𝐦 𝐢𝐧𝐭𝐞𝐫𝐞𝐬𝐬𝐞 𝐞𝐦 𝐚𝐝𝐪𝐮𝐢𝐫𝐢𝐫 𝐜𝐨𝐧𝐬𝐮𝐥𝐭á𝐯𝐞𝐢𝐬 ? 𝐂𝐥𝐢𝐪𝐮𝐞 𝐧𝐨 𝐛𝐨𝐭ã𝐨 (𝐜𝐨𝐧𝐬𝐮𝐥𝐭á𝐯𝐞𝐢𝐬) 𝐩𝐚𝐫𝐚 𝐞𝐧𝐭𝐫𝐚𝐫 𝐞𝐦 𝐜𝐨𝐧𝐭𝐚𝐭𝐨 𝐜𝐨𝐦 𝐨 𝐯𝐞𝐧𝐝𝐞𝐝𝐨𝐫 𝐨𝐟𝐢𝐜𝐢𝐚𝐥 𝐞 𝐭𝐞𝐫 𝐚𝐜𝐞𝐬𝐬𝐨 𝐚𝐬 𝐦𝐞𝐥𝐡𝐨𝐫𝐞𝐬 𝐜𝐨𝐧𝐬𝐮𝐥𝐭á𝐯𝐞𝐢𝐬 𝐞 𝐬𝐮𝐩𝐨𝐫𝐭𝐞 𝐝𝐨 𝐭𝐞𝐥𝐞𝐠𝐫𝐚𝐦.\n\n💰Recarga pix automático\n/pix VALOR\n(Mínimo 20 R$)\n\n━━━━━━━━━━━━━━━━━━━━━━━━━━━━━━━\n💬 Dúvidas? \n@LACOSTE_DK\n━━━━━━━━━━━━━━━━━━━━━━━━━━━━━━━\n𝐧𝐨 𝐦𝐚𝐢𝐬... 𝐮𝐦𝐚 ó𝐭𝐢𝐦𝐚 𝐜𝐨𝐦𝐩𝐫𝐚 𝐞 𝐛𝐨𝐚 𝐬𝐨𝐫𝐭𝐞 𝐞𝐦 𝐬𝐮𝐚𝐬 𝐚𝐩𝐫𝐨𝐯𝐚çõ𝐞𝐬 \n𝐛𝐣𝐢𝐦 𝐝𝐨 𝐣𝐚𝐜𝐚𝐫é 🐊"
}