{
    "6": {
        "cc": "4417817255488831",
        "mes": "07",
        "ano": "2024",
        "cvv": "376",
        "nome": "Márcia Alessandra Laís Souza",
        "cpf": "609.552.823-22",
        "bandeira": "visa",
        "nivel": "Business",
        "tipo": "credit",
        "banco": "BANCO BRADESCO, S.A.",
        "pais": "brazil"
    },
    "7": {
        "cc": "4417816555416856",
        "mes": "06",
        "ano": "2025",
        "cvv": "185",
        "nome": "Benedito Marcos Cauã Galvão",
        "cpf": "467.499.969-30",
        "bandeira": "visa",
        "nivel": "Business",
        "tipo": "credit",
        "banco": "BANCO BRADESCO, S.A.",
        "pais": "brazil"
    },
    "8": {
        "cc": "4417810565164838",
        "mes": "02",
        "ano": "2028",
        "cvv": "887",
        "nome": "Francisco Martin Almada",
        "cpf": "476.942.547-34",
        "bandeira": "visa",
        "nivel": "Business",
        "tipo": "credit",
        "banco": "BANCO BRADESCO, S.A.",
        "pais": "brazil"
    },
    "9": {
        "cc": "4417815225353325",
        "mes": "11",
        "ano": "2027",
        "cvv": "578",
        "nome": "Filipe Caleb Ryan Almada",
        "cpf": "053.713.265-10",
        "bandeira": "visa",
        "nivel": "Business",
        "tipo": "credit",
        "banco": "BANCO BRADESCO, S.A.",
        "pais": "brazil"
    },
    "10": {
        "cc": "4417810787678748",
        "mes": "11",
        "ano": "2028",
        "cvv": "594",
        "nome": "Bianca Analu Esther Silveira",
        "cpf": "490.330.635-65",
        "bandeira": "visa",
        "nivel": "Business",
        "tipo": "credit",
        "banco": "BANCO BRADESCO, S.A.",
        "pais": "brazil"
    }
}